<?xml version="1.0" encoding="UTF-8"?><?xml-stylesheet type='text/xsl' href='_UpgradeReport_Files/UpgradeReport.xslt'?><UpgradeLog>
<Properties><Property Name="Solution" Value="QLHS3">
</Property><Property Name="Solution File" Value="C:\TMTriet\Teaching\XDPMHDT-th04\QLHS\QLHS3\QLHS3.sln">
</Property><Property Name="User Options File" Value="C:\TMTriet\Teaching\XDPMHDT-th04\QLHS\QLHS3\QLHS3.suo">
</Property><Property Name="Date" Value="Saturday, November 10, 2007">
</Property><Property Name="Time" Value="10:27 AM">
</Property></Properties><Event ErrorLevel="0" Project="" Source="QLHS3.sln" Description="File successfully backed up as C:\TMTriet\Teaching\XDPMHDT-th04\QLHS\QLHS3\Backup\QLHS3.sln">
</Event><Event ErrorLevel="0" Project="" Source="QLHS3.suo" Description="File successfully backed up as C:\TMTriet\Teaching\XDPMHDT-th04\QLHS\QLHS3\Backup\QLHS3.suo">
</Event><Event ErrorLevel="0" Project="QLHS3" Source="QLHS3.csproj" Description="Project file successfully backed up as C:\TMTriet\Teaching\XDPMHDT-th04\QLHS\QLHS3\Backup\QLHS3.csproj">
</Event><Event ErrorLevel="0" Project="QLHS3" Source="QLHS3.csproj.user" Description="Project user file successfully backed up as C:\TMTriet\Teaching\XDPMHDT-th04\QLHS\QLHS3\Backup\QLHS3.csproj.user">
</Event><Event ErrorLevel="0" Project="QLHS3" Source="AssemblyInfo.cs" Description="File successfully backed up as C:\TMTriet\Teaching\XDPMHDT-th04\QLHS\QLHS3\Backup\AssemblyInfo.cs">
</Event><Event ErrorLevel="0" Project="QLHS3" Source="DataProvider.cs" Description="File successfully backed up as C:\TMTriet\Teaching\XDPMHDT-th04\QLHS\QLHS3\Backup\DataProvider.cs">
</Event><Event ErrorLevel="0" Project="QLHS3" Source="Form1.cs" Description="File successfully backed up as C:\TMTriet\Teaching\XDPMHDT-th04\QLHS\QLHS3\Backup\Form1.cs">
</Event><Event ErrorLevel="0" Project="QLHS3" Source="HocSinhCtl.cs" Description="File successfully backed up as C:\TMTriet\Teaching\XDPMHDT-th04\QLHS\QLHS3\Backup\HocSinhCtl.cs">
</Event><Event ErrorLevel="0" Project="QLHS3" Source="HocSinhData.cs" Description="File successfully backed up as C:\TMTriet\Teaching\XDPMHDT-th04\QLHS\QLHS3\Backup\HocSinhData.cs">
</Event><Event ErrorLevel="0" Project="QLHS3" Source="HocSinhInfo.cs" Description="File successfully backed up as C:\TMTriet\Teaching\XDPMHDT-th04\QLHS\QLHS3\Backup\HocSinhInfo.cs">
</Event><Event ErrorLevel="0" Project="QLHS3" Source="LopCtl.cs" Description="File successfully backed up as C:\TMTriet\Teaching\XDPMHDT-th04\QLHS\QLHS3\Backup\LopCtl.cs">
</Event><Event ErrorLevel="0" Project="QLHS3" Source="LopData.cs" Description="File successfully backed up as C:\TMTriet\Teaching\XDPMHDT-th04\QLHS\QLHS3\Backup\LopData.cs">
</Event><Event ErrorLevel="0" Project="QLHS3" Source="LopInfo.cs" Description="File successfully backed up as C:\TMTriet\Teaching\XDPMHDT-th04\QLHS\QLHS3\Backup\LopInfo.cs">
</Event><Event ErrorLevel="0" Project="QLHS3" Source="App.ico" Description="File successfully backed up as C:\TMTriet\Teaching\XDPMHDT-th04\QLHS\QLHS3\Backup\App.ico">
</Event><Event ErrorLevel="0" Project="QLHS3" Source="Form1.resx" Description="File successfully backed up as C:\TMTriet\Teaching\XDPMHDT-th04\QLHS\QLHS3\Backup\Form1.resx">
</Event><Event ErrorLevel="0" Project="QLHS3" Source="QLHS3.csproj" Description="Project converted successfully">
</Event><Event ErrorLevel="3" Project="QLHS3" Source="QLHS3.csproj" Description="Converted">
</Event><Event ErrorLevel="0" Project="" Source="QLHS3.sln" Description="Solution converted successfully">
</Event><Event ErrorLevel="3" Project="" Source="QLHS3.sln" Description="Converted">
</Event><Event ErrorLevel="0" Project="QLHS3" Source="QLHS3.csproj" Description="Scan complete: Upgrade not required for project files.">
</Event></UpgradeLog>